Cluster,B37,B17,B34,B13
0,1.8773584905660377,5.952830188679245,5.990566037735849,2.9716981132075473
1,5.125,3.0,3.125,2.0625
2,3.0833333333333335,1.9333333333333333,5.883333333333334,5.05
