,Dim1,Dim2
MDH,-1.243533592290327,1.7371154456213744
Priya,-2.878007657144318,-1.3603912888502743
MyPick,0.716471933604511,-2.518969742842945
Ruchi,-0.7370720592976456,-2.3845331194647366
Nolin,1.8612779483523267,-0.946981124791813
Mother,2.340361564604426,1.918644303759193
Ideal,-0.05949813782897265,3.5551155265692023
