feature,VIF
Intercept,4.056559594834814
C(Location)[T.RA],1.1775103792251456
C(Type)[T.PRV],1.1106849169881823
SPDisc,2.8767927178093915
SPMore,2.938041370649223
